stable_draw_id,advertised_jackpot_minor_units,jackpot_winner_count,rollover,multiplier,extra_draw_data,prize_tiers_json
lotto-america-2017-11-15,,,,4x,,[]
lotto-america-2017-11-18,,,,2x,,[]
lotto-america-2017-11-22,,,,4x,,[]
lotto-america-2017-11-25,,,,2x,,[]
lotto-america-2017-11-29,,,,2x,,[]
lotto-america-2017-12-02,,,,3x,,[]
lotto-america-2017-12-06,,,,5x,,[]
lotto-america-2017-12-09,,,,2x,,[]
lotto-america-2017-12-13,,,,3x,,[]
lotto-america-2017-12-16,,,,2x,,[]
lotto-america-2017-12-20,,,,2x,,[]
lotto-america-2017-12-23,,,,4x,,[]
lotto-america-2017-12-27,,,,2x,,[]
lotto-america-2017-12-30,,,,2x,,[]
lotto-america-2018-01-03,,,,5x,,[]
lotto-america-2018-01-06,,,,3x,,[]
lotto-america-2018-01-10,,,,2x,,[]
lotto-america-2018-01-13,,,,2x,,[]
lotto-america-2018-01-17,,,,3x,,[]
lotto-america-2018-01-20,,,,5x,,[]
lotto-america-2018-01-24,,,,4x,,[]
lotto-america-2018-01-27,,,,3x,,[]
lotto-america-2018-01-31,,,,2x,,[]
lotto-america-2018-02-03,,,,2x,,[]
lotto-america-2018-02-07,,,,5x,,[]
lotto-america-2018-02-10,,,,2x,,[]
lotto-america-2018-02-14,,,,2x,,[]
lotto-america-2018-02-17,,,,2x,,[]
lotto-america-2018-02-21,,,,3x,,[]
lotto-america-2018-02-24,,,,4x,,[]
lotto-america-2018-02-28,,,,2x,,[]
lotto-america-2018-03-03,,,,3x,,[]
lotto-america-2018-03-07,,,,2x,,[]
lotto-america-2018-03-10,,,,3x,,[]
lotto-america-2018-03-14,,,,2x,,[]
lotto-america-2018-03-17,,,,3x,,[]
lotto-america-2018-03-21,,,,5x,,[]
lotto-america-2018-03-24,,,,3x,,[]
lotto-america-2018-03-28,,,,3x,,[]
lotto-america-2018-03-31,,,,3x,,[]
lotto-america-2018-04-04,,,,4x,,[]
lotto-america-2018-04-07,,,,4x,,[]
lotto-america-2018-04-11,,,,2x,,[]
lotto-america-2018-04-14,,,,5x,,[]
lotto-america-2018-04-18,,,,2x,,[]
lotto-america-2018-04-21,,,,4x,,[]
lotto-america-2018-04-25,,,,5x,,[]
lotto-america-2018-04-28,,,,2x,,[]
lotto-america-2018-05-02,,,,2x,,[]
lotto-america-2018-05-05,,,,2x,,[]
lotto-america-2018-05-09,,,,2x,,[]
lotto-america-2018-05-12,,,,3x,,[]
lotto-america-2018-05-16,,,,3x,,[]
lotto-america-2018-05-19,,,,2x,,[]
lotto-america-2018-05-23,,,,2x,,[]
lotto-america-2018-05-26,,,,3x,,[]
lotto-america-2018-05-30,,,,2x,,[]
lotto-america-2018-06-02,,,,2x,,[]
lotto-america-2018-06-06,,,,3x,,[]
lotto-america-2018-06-09,,,,4x,,[]
lotto-america-2018-06-13,,,,4x,,[]
lotto-america-2018-06-16,,,,3x,,[]
lotto-america-2018-06-20,,,,2x,,[]
lotto-america-2018-06-23,,,,5x,,[]
lotto-america-2018-06-27,,,,2x,,[]
lotto-america-2018-06-30,,,,5x,,[]
lotto-america-2018-07-04,,,,4x,,[]
lotto-america-2018-07-07,,,,2x,,[]
lotto-america-2018-07-11,,,,3x,,[]
lotto-america-2018-07-14,,,,3x,,[]
lotto-america-2018-07-18,,,,2x,,[]
lotto-america-2018-07-21,,,,5x,,[]
lotto-america-2018-07-25,,,,2x,,[]
lotto-america-2018-07-28,,,,3x,,[]
lotto-america-2018-08-01,,,,3x,,[]
lotto-america-2018-08-04,,,,3x,,[]
lotto-america-2018-08-08,,,,3x,,[]
lotto-america-2018-08-11,,,,2x,,[]
lotto-america-2018-08-15,,,,2x,,[]
lotto-america-2018-08-18,,,,2x,,[]
lotto-america-2018-08-22,,,,2x,,[]
lotto-america-2018-08-25,,,,2x,,[]
lotto-america-2018-08-29,,,,3x,,[]
lotto-america-2018-09-01,,,,3x,,[]
lotto-america-2018-09-05,,,,2x,,[]
lotto-america-2018-09-08,,,,2x,,[]
lotto-america-2018-09-12,,,,2x,,[]
lotto-america-2018-09-15,,,,3x,,[]
lotto-america-2018-09-19,,,,5x,,[]
lotto-america-2018-09-22,,,,3x,,[]
lotto-america-2018-09-26,,,,2x,,[]
lotto-america-2018-09-29,,,,3x,,[]
lotto-america-2018-10-03,,,,2x,,[]
lotto-america-2018-10-06,,,,2x,,[]
lotto-america-2018-10-10,,,,2x,,[]
lotto-america-2018-10-13,,,,3x,,[]
lotto-america-2018-10-17,,,,3x,,[]
lotto-america-2018-10-20,,,,2x,,[]
lotto-america-2018-10-24,,,,3x,,[]
lotto-america-2018-10-27,,,,2x,,[]
lotto-america-2018-10-31,,,,3x,,[]
lotto-america-2018-11-03,,,,3x,,[]
lotto-america-2018-11-07,,,,2x,,[]
lotto-america-2018-11-10,,,,2x,,[]
lotto-america-2018-11-14,,,,4x,,[]
lotto-america-2018-11-17,,,,2x,,[]
lotto-america-2018-11-21,,,,3x,,[]
lotto-america-2018-11-24,,,,2x,,[]
lotto-america-2018-11-28,,,,2x,,[]
lotto-america-2018-12-01,,,,2x,,[]
lotto-america-2018-12-05,,,,3x,,[]
lotto-america-2018-12-08,,,,3x,,[]
lotto-america-2018-12-12,,,,2x,,[]
lotto-america-2018-12-15,,,,3x,,[]
lotto-america-2018-12-19,,,,2x,,[]
lotto-america-2018-12-22,,,,4x,,[]
lotto-america-2018-12-26,,,,3x,,[]
lotto-america-2018-12-29,,,,2x,,[]
lotto-america-2019-01-02,,,,2x,,[]
lotto-america-2019-01-05,,,,3x,,[]
lotto-america-2019-01-09,,,,2x,,[]
lotto-america-2019-01-12,,,,5x,,[]
lotto-america-2019-01-16,,,,3x,,[]
lotto-america-2019-01-19,,,,2x,,[]
lotto-america-2019-01-23,,,,4x,,[]
lotto-america-2019-01-26,,,,3x,,[]
lotto-america-2019-01-30,,,,5x,,[]
lotto-america-2019-02-02,,,,3x,,[]
lotto-america-2019-02-06,,,,2x,,[]
lotto-america-2019-02-09,,,,3x,,[]
lotto-america-2019-02-13,,,,3x,,[]
lotto-america-2019-02-16,,,,2x,,[]
lotto-america-2019-02-20,,,,3x,,[]
lotto-america-2019-02-23,,,,2x,,[]
lotto-america-2019-02-27,,,,3x,,[]
lotto-america-2019-03-02,,,,2x,,[]
lotto-america-2019-03-06,,,,3x,,[]
lotto-america-2019-03-09,,,,2x,,[]
lotto-america-2019-03-13,,,,3x,,[]
lotto-america-2019-03-16,,,,5x,,[]
lotto-america-2019-03-20,,,,3x,,[]
lotto-america-2019-03-23,,,,2x,,[]
lotto-america-2019-03-27,,,,5x,,[]
lotto-america-2019-03-30,,,,3x,,[]
lotto-america-2019-04-03,,,,2x,,[]
lotto-america-2019-04-06,,,,2x,,[]
lotto-america-2019-04-10,,,,3x,,[]
lotto-america-2019-04-13,,,,2x,,[]
lotto-america-2019-04-17,,,,5x,,[]
lotto-america-2019-04-20,,,,2x,,[]
lotto-america-2019-04-24,,,,2x,,[]
lotto-america-2019-04-27,,,,4x,,[]
lotto-america-2019-05-01,,,,2x,,[]
lotto-america-2019-05-04,,,,2x,,[]
lotto-america-2019-05-08,,,,5x,,[]
lotto-america-2019-05-11,,,,2x,,[]
lotto-america-2019-05-15,,,,3x,,[]
lotto-america-2019-05-18,,,,2x,,[]
lotto-america-2019-05-22,,,,3x,,[]
lotto-america-2019-05-25,,,,5x,,[]
lotto-america-2019-05-29,,,,5x,,[]
lotto-america-2019-06-01,,,,2x,,[]
lotto-america-2019-06-05,,,,2x,,[]
lotto-america-2019-06-08,,,,2x,,[]
lotto-america-2019-06-12,,,,3x,,[]
lotto-america-2019-06-15,,,,3x,,[]
lotto-america-2019-06-19,,,,3x,,[]
lotto-america-2019-06-22,,,,5x,,[]
lotto-america-2019-06-26,,,,2x,,[]
lotto-america-2019-06-29,,,,4x,,[]
lotto-america-2019-07-03,,,,2x,,[]
lotto-america-2019-07-06,,,,2x,,[]
lotto-america-2019-07-10,,,,3x,,[]
lotto-america-2019-07-13,,,,3x,,[]
lotto-america-2019-07-17,,,,2x,,[]
lotto-america-2019-07-20,,,,2x,,[]
lotto-america-2019-07-24,,,,3x,,[]
lotto-america-2019-07-27,,,,3x,,[]
lotto-america-2019-07-31,,,,3x,,[]
lotto-america-2019-08-03,,,,2x,,[]
lotto-america-2019-08-07,,,,3x,,[]
lotto-america-2019-08-10,,,,2x,,[]
lotto-america-2019-08-14,,,,2x,,[]
lotto-america-2019-08-17,,,,2x,,[]
lotto-america-2019-08-21,,,,3x,,[]
lotto-america-2019-08-24,,,,5x,,[]
lotto-america-2019-08-28,,,,2x,,[]
lotto-america-2019-08-31,,,,4x,,[]
lotto-america-2019-09-04,,,,3x,,[]
lotto-america-2019-09-07,,,,2x,,[]
lotto-america-2019-09-11,,,,2x,,[]
lotto-america-2019-09-14,,,,2x,,[]
lotto-america-2019-09-18,,,,4x,,[]
lotto-america-2019-09-21,,,,2x,,[]
lotto-america-2019-09-25,,,,3x,,[]
lotto-america-2019-09-28,,,,3x,,[]
lotto-america-2019-10-02,,,,3x,,[]
lotto-america-2019-10-05,,,,2x,,[]
lotto-america-2019-10-09,,,,2x,,[]
lotto-america-2019-10-12,,,,2x,,[]
lotto-america-2019-10-16,,,,2x,,[]
lotto-america-2019-10-19,,,,3x,,[]
lotto-america-2019-10-23,,,,3x,,[]
lotto-america-2019-10-26,,,,2x,,[]
lotto-america-2019-10-30,,,,4x,,[]
lotto-america-2019-11-02,,,,5x,,[]
lotto-america-2019-11-06,,,,2x,,[]
lotto-america-2019-11-09,,,,2x,,[]
lotto-america-2019-11-13,,,,3x,,[]
lotto-america-2019-11-16,,,,2x,,[]
lotto-america-2019-11-20,,,,2x,,[]
lotto-america-2019-11-23,,,,3x,,[]
lotto-america-2019-11-27,,,,3x,,[]
lotto-america-2019-11-30,,,,2x,,[]
lotto-america-2019-12-04,,,,2x,,[]
lotto-america-2019-12-07,,,,5x,,[]
lotto-america-2019-12-11,,,,3x,,[]
lotto-america-2019-12-14,,,,2x,,[]
lotto-america-2019-12-18,,,,4x,,[]
lotto-america-2019-12-21,,,,3x,,[]
lotto-america-2019-12-25,,,,2x,,[]
lotto-america-2019-12-28,,,,2x,,[]
lotto-america-2020-01-01,,,,2x,,[]
lotto-america-2020-01-04,,,,2x,,[]
lotto-america-2020-01-08,,,,2x,,[]
lotto-america-2020-01-11,,,,3x,,[]
lotto-america-2020-01-15,,,,5x,,[]
lotto-america-2020-01-18,,,,2x,,[]
lotto-america-2020-01-22,,,,3x,,[]
lotto-america-2020-01-25,,,,4x,,[]
lotto-america-2020-01-29,,,,5x,,[]
lotto-america-2020-02-01,,,,3x,,[]
lotto-america-2020-02-05,,,,3x,,[]
lotto-america-2020-02-08,,,,3x,,[]
lotto-america-2020-02-12,,,,5x,,[]
lotto-america-2020-02-15,,,,2x,,[]
lotto-america-2020-02-19,,,,2x,,[]
lotto-america-2020-02-22,,,,2x,,[]
lotto-america-2020-02-26,,,,2x,,[]
lotto-america-2020-02-29,,,,5x,,[]
lotto-america-2020-03-04,,,,2x,,[]
lotto-america-2020-03-07,,,,3x,,[]
lotto-america-2020-03-11,,,,2x,,[]
lotto-america-2020-03-14,,,,2x,,[]
lotto-america-2020-03-18,,,,5x,,[]
lotto-america-2020-03-21,,,,2x,,[]
lotto-america-2020-03-25,,,,3x,,[]
lotto-america-2020-03-28,,,,3x,,[]
lotto-america-2020-04-01,,,,2x,,[]
lotto-america-2020-04-04,,,,3x,,[]
lotto-america-2020-04-08,,,,2x,,[]
lotto-america-2020-04-11,,,,2x,,[]
lotto-america-2020-04-15,,,,3x,,[]
lotto-america-2020-04-18,,,,2x,,[]
lotto-america-2020-04-22,,,,5x,,[]
lotto-america-2020-04-25,,,,3x,,[]
lotto-america-2020-04-29,,,,3x,,[]
lotto-america-2020-05-02,,,,2x,,[]
lotto-america-2020-05-06,,,,3x,,[]
lotto-america-2020-05-09,,,,2x,,[]
lotto-america-2020-05-13,,,,3x,,[]
lotto-america-2020-05-16,,,,5x,,[]
lotto-america-2020-05-20,,,,2x,,[]
lotto-america-2020-05-23,,,,4x,,[]
lotto-america-2020-05-27,,,,3x,,[]
lotto-america-2020-05-30,,,,2x,,[]
lotto-america-2020-06-03,,,,2x,,[]
lotto-america-2020-06-06,,,,2x,,[]
lotto-america-2020-06-10,,,,4x,,[]
lotto-america-2020-06-13,,,,2x,,[]
lotto-america-2020-06-17,,,,2x,,[]
lotto-america-2020-06-20,,,,3x,,[]
lotto-america-2020-06-24,,,,2x,,[]
lotto-america-2020-06-27,,,,3x,,[]
lotto-america-2020-07-01,,,,4x,,[]
lotto-america-2020-07-04,,,,4x,,[]
lotto-america-2020-07-08,,,,2x,,[]
lotto-america-2020-07-11,,,,3x,,[]
lotto-america-2020-07-15,,,,3x,,[]
lotto-america-2020-07-18,,,,5x,,[]
lotto-america-2020-07-22,,,,3x,,[]
lotto-america-2020-07-25,,,,2x,,[]
lotto-america-2020-07-29,,,,4x,,[]
lotto-america-2020-08-01,,,,3x,,[]
lotto-america-2020-08-05,,,,2x,,[]
lotto-america-2020-08-08,,,,2x,,[]
lotto-america-2020-08-12,,,,3x,,[]
lotto-america-2020-08-15,,,,2x,,[]
lotto-america-2020-08-19,,,,3x,,[]
lotto-america-2020-08-22,,,,4x,,[]
lotto-america-2020-08-26,,,,5x,,[]
lotto-america-2020-08-29,,,,3x,,[]
lotto-america-2020-09-02,,,,2x,,[]
lotto-america-2020-09-05,,,,2x,,[]
lotto-america-2020-09-09,,,,4x,,[]
lotto-america-2020-09-12,,,,4x,,[]
lotto-america-2020-09-16,,,,3x,,[]
lotto-america-2020-09-19,,,,4x,,[]
lotto-america-2020-09-23,,,,5x,,[]
lotto-america-2020-09-26,,,,5x,,[]
lotto-america-2020-09-30,,,,2x,,[]
lotto-america-2020-10-03,,,,2x,,[]
lotto-america-2020-10-07,,,,2x,,[]
lotto-america-2020-10-10,,,,2x,,[]
lotto-america-2020-10-14,,,,2x,,[]
lotto-america-2020-10-17,,,,2x,,[]
lotto-america-2020-10-21,,,,3x,,[]
lotto-america-2020-10-24,,,,2x,,[]
lotto-america-2020-10-28,,,,2x,,[]
lotto-america-2020-10-31,,,,2x,,[]
lotto-america-2020-11-04,,,,2x,,[]
lotto-america-2020-11-07,,,,4x,,[]
lotto-america-2020-11-11,,,,2x,,[]
lotto-america-2020-11-14,,,,2x,,[]
lotto-america-2020-11-18,,,,2x,,[]
lotto-america-2020-11-21,,,,4x,,[]
lotto-america-2020-11-25,,,,3x,,[]
lotto-america-2020-11-28,,,,3x,,[]
lotto-america-2020-12-02,,,,2x,,[]
lotto-america-2020-12-05,,,,3x,,[]
lotto-america-2020-12-09,,,,3x,,[]
lotto-america-2020-12-12,,,,3x,,[]
lotto-america-2020-12-16,,,,3x,,[]
lotto-america-2020-12-19,,,,4x,,[]
lotto-america-2020-12-23,,,,3x,,[]
lotto-america-2020-12-26,,,,2x,,[]
lotto-america-2020-12-30,,,,2x,,[]
lotto-america-2021-01-02,,,,5x,,[]
lotto-america-2021-01-06,,,,2x,,[]
lotto-america-2021-01-09,,,,4x,,[]
lotto-america-2021-01-13,,,,2x,,[]
lotto-america-2021-01-16,,,,3x,,[]
lotto-america-2021-01-20,,,,2x,,[]
lotto-america-2021-01-23,,,,3x,,[]
lotto-america-2021-01-27,,,,2x,,[]
lotto-america-2021-01-30,,,,2x,,[]
lotto-america-2021-02-03,,,,3x,,[]
lotto-america-2021-02-06,,,,2x,,[]
lotto-america-2021-02-10,,,,4x,,[]
lotto-america-2021-02-13,,,,2x,,[]
lotto-america-2021-02-17,,,,3x,,[]
lotto-america-2021-02-20,,,,3x,,[]
lotto-america-2021-02-24,,,,2x,,[]
lotto-america-2021-02-27,,,,2x,,[]
lotto-america-2021-03-03,,,,3x,,[]
lotto-america-2021-03-06,,,,2x,,[]
lotto-america-2021-03-10,,,,2x,,[]
lotto-america-2021-03-13,,,,5x,,[]
lotto-america-2021-03-17,,,,4x,,[]
lotto-america-2021-03-20,,,,2x,,[]
lotto-america-2021-03-24,,,,2x,,[]
lotto-america-2021-03-27,,,,3x,,[]
lotto-america-2021-03-31,,,,2x,,[]
lotto-america-2021-04-03,,,,3x,,[]
lotto-america-2021-04-07,,,,3x,,[]
lotto-america-2021-04-10,,,,2x,,[]
lotto-america-2021-04-14,,,,2x,,[]
lotto-america-2021-04-17,,,,4x,,[]
lotto-america-2021-04-21,,,,4x,,[]
lotto-america-2021-04-24,,,,2x,,[]
lotto-america-2021-04-28,,,,5x,,[]
lotto-america-2021-05-01,,,,2x,,[]
lotto-america-2021-05-05,,,,5x,,[]
lotto-america-2021-05-08,,,,2x,,[]
lotto-america-2021-05-12,,,,5x,,[]
lotto-america-2021-05-15,,,,3x,,[]
lotto-america-2021-05-19,,,,2x,,[]
lotto-america-2021-05-22,,,,3x,,[]
lotto-america-2021-05-26,,,,3x,,[]
lotto-america-2021-05-29,,,,2x,,[]
lotto-america-2021-06-02,,,,2x,,[]
lotto-america-2021-06-05,,,,2x,,[]
lotto-america-2021-06-09,,,,2x,,[]
lotto-america-2021-06-12,,,,3x,,[]
lotto-america-2021-06-16,,,,4x,,[]
lotto-america-2021-06-19,,,,5x,,[]
lotto-america-2021-06-23,,,,3x,,[]
lotto-america-2021-06-26,,,,3x,,[]
lotto-america-2021-06-30,,,,2x,,[]
lotto-america-2021-07-03,,,,2x,,[]
lotto-america-2021-07-07,,,,4x,,[]
lotto-america-2021-07-10,,,,2x,,[]
lotto-america-2021-07-14,,,,2x,,[]
lotto-america-2021-07-17,,,,4x,,[]
lotto-america-2021-07-21,,,,4x,,[]
lotto-america-2021-07-24,,,,2x,,[]
lotto-america-2021-07-28,,,,4x,,[]
lotto-america-2021-07-31,,,,2x,,[]
lotto-america-2021-08-04,,,,2x,,[]
lotto-america-2021-08-07,,,,5x,,[]
lotto-america-2021-08-11,,,,2x,,[]
lotto-america-2021-08-14,,,,4x,,[]
lotto-america-2021-08-18,,,,5x,,[]
lotto-america-2021-08-21,,,,2x,,[]
lotto-america-2021-08-25,,,,2x,,[]
lotto-america-2021-08-28,,,,2x,,[]
lotto-america-2021-09-01,,,,5x,,[]
lotto-america-2021-09-04,,,,3x,,[]
lotto-america-2021-09-08,,,,3x,,[]
lotto-america-2021-09-11,,,,2x,,[]
lotto-america-2021-09-15,,,,3x,,[]
lotto-america-2021-09-18,,,,2x,,[]
lotto-america-2021-09-22,,,,2x,,[]
lotto-america-2021-09-25,,,,2x,,[]
lotto-america-2021-09-29,,,,2x,,[]
lotto-america-2021-10-02,,,,3x,,[]
lotto-america-2021-10-06,,,,3x,,[]
lotto-america-2021-10-09,,,,2x,,[]
lotto-america-2021-10-13,,,,3x,,[]
lotto-america-2021-10-16,,,,4x,,[]
lotto-america-2021-10-20,,,,3x,,[]
lotto-america-2021-10-23,,,,5x,,[]
lotto-america-2021-10-27,,,,4x,,[]
lotto-america-2021-10-30,,,,5x,,[]
lotto-america-2021-11-03,,,,3x,,[]
lotto-america-2021-11-06,,,,3x,,[]
lotto-america-2021-11-10,,,,4x,,[]
lotto-america-2021-11-13,,,,4x,,[]
lotto-america-2021-11-17,,,,2x,,[]
lotto-america-2021-11-20,,,,2x,,[]
lotto-america-2021-11-24,,,,3x,,[]
lotto-america-2021-11-27,,,,3x,,[]
lotto-america-2021-12-01,,,,2x,,[]
lotto-america-2021-12-04,,,,5x,,[]
lotto-america-2021-12-08,,,,3x,,[]
lotto-america-2021-12-11,,,,4x,,[]
lotto-america-2021-12-15,,,,2x,,[]
lotto-america-2021-12-18,,,,3x,,[]
lotto-america-2021-12-22,,,,3x,,[]
lotto-america-2021-12-25,,,,4x,,[]
lotto-america-2021-12-29,,,,4x,,[]
lotto-america-2022-01-01,,,,2x,,[]
lotto-america-2022-01-05,,,,3x,,[]
lotto-america-2022-01-08,,,,2x,,[]
lotto-america-2022-01-12,,,,2x,,[]
lotto-america-2022-01-15,,,,3x,,[]
lotto-america-2022-01-19,,,,2x,,[]
lotto-america-2022-01-22,,,,3x,,[]
lotto-america-2022-01-26,,,,2x,,[]
lotto-america-2022-01-29,,,,3x,,[]
lotto-america-2022-02-02,,,,5x,,[]
lotto-america-2022-02-05,,,,2x,,[]
lotto-america-2022-02-09,,,,2x,,[]
lotto-america-2022-02-12,,,,3x,,[]
lotto-america-2022-02-16,,,,4x,,[]
lotto-america-2022-02-19,,,,4x,,[]
lotto-america-2022-02-23,,,,2x,,[]
lotto-america-2022-02-26,,,,4x,,[]
lotto-america-2022-03-02,,,,3x,,[]
lotto-america-2022-03-05,,,,4x,,[]
lotto-america-2022-03-09,,,,3x,,[]
lotto-america-2022-03-12,,,,4x,,[]
lotto-america-2022-03-16,,,,4x,,[]
lotto-america-2022-03-19,,,,3x,,[]
lotto-america-2022-03-23,,,,4x,,[]
lotto-america-2022-03-26,,,,4x,,[]
lotto-america-2022-03-30,,,,2x,,[]
lotto-america-2022-04-02,,,,3x,,[]
lotto-america-2022-04-06,,,,3x,,[]
lotto-america-2022-04-09,,,,3x,,[]
lotto-america-2022-04-13,,,,3x,,[]
lotto-america-2022-04-16,,,,2x,,[]
lotto-america-2022-04-20,,,,5x,,[]
lotto-america-2022-04-23,,,,3x,,[]
lotto-america-2022-04-27,,,,3x,,[]
lotto-america-2022-04-30,,,,2x,,[]
lotto-america-2022-05-04,,,,2x,,[]
lotto-america-2022-05-07,,,,2x,,[]
lotto-america-2022-05-11,,,,3x,,[]
lotto-america-2022-05-14,,,,3x,,[]
lotto-america-2022-05-18,,,,4x,,[]
lotto-america-2022-05-21,,,,2x,,[]
lotto-america-2022-05-25,,,,2x,,[]
lotto-america-2022-05-28,,,,2x,,[]
lotto-america-2022-06-01,,,,5x,,[]
lotto-america-2022-06-04,,,,3x,,[]
lotto-america-2022-06-08,,,,2x,,[]
lotto-america-2022-06-11,,,,2x,,[]
lotto-america-2022-06-15,,,,2x,,[]
lotto-america-2022-06-18,,,,3x,,[]
lotto-america-2022-06-22,,,,2x,,[]
lotto-america-2022-06-25,,,,5x,,[]
lotto-america-2022-06-29,,,,4x,,[]
lotto-america-2022-07-02,,,,4x,,[]
lotto-america-2022-07-06,,,,2x,,[]
lotto-america-2022-07-09,,,,3x,,[]
lotto-america-2022-07-13,,,,2x,,[]
lotto-america-2022-07-16,,,,2x,,[]
lotto-america-2022-07-18,,,,3x,,[]
lotto-america-2022-07-20,,,,3x,,[]
lotto-america-2022-07-23,,,,3x,,[]
lotto-america-2022-07-25,,,,3x,,[]
lotto-america-2022-07-27,,,,2x,,[]
lotto-america-2022-07-30,,,,3x,,[]
lotto-america-2022-08-01,,,,4x,,[]
lotto-america-2022-08-03,,,,2x,,[]
lotto-america-2022-08-06,,,,3x,,[]
lotto-america-2022-08-08,,,,2x,,[]
lotto-america-2022-08-10,,,,2x,,[]
lotto-america-2022-08-13,,,,2x,,[]
lotto-america-2022-08-15,,,,3x,,[]
lotto-america-2022-08-17,,,,3x,,[]
lotto-america-2022-08-20,,,,3x,,[]
lotto-america-2022-08-22,,,,3x,,[]
lotto-america-2022-08-24,,,,3x,,[]
lotto-america-2022-08-27,,,,2x,,[]
lotto-america-2022-08-29,,,,2x,,[]
lotto-america-2022-08-31,,,,2x,,[]
lotto-america-2022-09-03,,,,3x,,[]
lotto-america-2022-09-05,,,,2x,,[]
lotto-america-2022-09-07,,,,3x,,[]
lotto-america-2022-09-10,,,,2x,,[]
lotto-america-2022-09-12,,,,2x,,[]
lotto-america-2022-09-14,,,,3x,,[]
lotto-america-2022-09-17,,,,3x,,[]
lotto-america-2022-09-19,,,,2x,,[]
lotto-america-2022-09-21,,,,2x,,[]
lotto-america-2022-09-24,,,,4x,,[]
lotto-america-2022-09-26,,,,2x,,[]
lotto-america-2022-09-28,,,,3x,,[]
lotto-america-2022-10-01,,,,3x,,[]
lotto-america-2022-10-03,,,,3x,,[]
lotto-america-2022-10-05,,,,4x,,[]
lotto-america-2022-10-08,,,,2x,,[]
lotto-america-2022-10-10,,,,4x,,[]
lotto-america-2022-10-12,,,,2x,,[]
lotto-america-2022-10-15,,,,3x,,[]
lotto-america-2022-10-17,,,,2x,,[]
lotto-america-2022-10-19,,,,2x,,[]
lotto-america-2022-10-22,,,,2x,,[]
lotto-america-2022-10-24,,,,5x,,[]
lotto-america-2022-10-26,,,,2x,,[]
lotto-america-2022-10-29,,,,2x,,[]
lotto-america-2022-10-31,,,,2x,,[]
lotto-america-2022-11-02,,,,2x,,[]
lotto-america-2022-11-05,,,,4x,,[]
lotto-america-2022-11-07,,,,2x,,[]
lotto-america-2022-11-09,,,,3x,,[]
lotto-america-2022-11-12,,,,4x,,[]
lotto-america-2022-11-14,,,,3x,,[]
lotto-america-2022-11-16,,,,3x,,[]
lotto-america-2022-11-19,,,,3x,,[]
lotto-america-2022-11-21,,,,5x,,[]
lotto-america-2022-11-23,,,,2x,,[]
lotto-america-2022-11-26,,,,3x,,[]
lotto-america-2022-11-28,,,,4x,,[]
lotto-america-2022-11-30,,,,2x,,[]
lotto-america-2022-12-03,,,,2x,,[]
lotto-america-2022-12-05,,,,3x,,[]
lotto-america-2022-12-07,,,,2x,,[]
lotto-america-2022-12-10,,,,2x,,[]
lotto-america-2022-12-12,,,,3x,,[]
lotto-america-2022-12-14,,,,4x,,[]
lotto-america-2022-12-17,,,,5x,,[]
lotto-america-2022-12-19,,,,3x,,[]
lotto-america-2022-12-21,,,,2x,,[]
lotto-america-2022-12-24,,,,3x,,[]
lotto-america-2022-12-26,,,,3x,,[]
lotto-america-2022-12-28,,,,5x,,[]
lotto-america-2022-12-31,,,,5x,,[]
lotto-america-2023-01-02,,,,5x,,[]
lotto-america-2023-01-04,,,,2x,,[]
lotto-america-2023-01-07,,,,3x,,[]
lotto-america-2023-01-09,,,,2x,,[]
lotto-america-2023-01-11,,,,2x,,[]
lotto-america-2023-01-14,,,,2x,,[]
lotto-america-2023-01-16,,,,2x,,[]
lotto-america-2023-01-18,,,,5x,,[]
lotto-america-2023-01-21,,,,4x,,[]
lotto-america-2023-01-23,,,,3x,,[]
lotto-america-2023-01-25,,,,2x,,[]
lotto-america-2023-01-28,,,,2x,,[]
lotto-america-2023-01-30,,,,3x,,[]
lotto-america-2023-02-01,,,,2x,,[]
lotto-america-2023-02-04,,,,3x,,[]
lotto-america-2023-02-06,,,,5x,,[]
lotto-america-2023-02-08,,,,2x,,[]
lotto-america-2023-02-11,,,,2x,,[]
lotto-america-2023-02-13,,,,3x,,[]
lotto-america-2023-02-15,,,,2x,,[]
lotto-america-2023-02-18,,,,2x,,[]
lotto-america-2023-02-20,,,,2x,,[]
lotto-america-2023-02-22,,,,3x,,[]
lotto-america-2023-02-25,,,,3x,,[]
lotto-america-2023-02-27,,,,3x,,[]
lotto-america-2023-03-01,,,,4x,,[]
lotto-america-2023-03-04,,,,2x,,[]
lotto-america-2023-03-06,,,,2x,,[]
lotto-america-2023-03-08,,,,2x,,[]
lotto-america-2023-03-11,,,,2x,,[]
lotto-america-2023-03-13,,,,3x,,[]
lotto-america-2023-03-15,,,,4x,,[]
lotto-america-2023-03-18,,,,4x,,[]
lotto-america-2023-03-20,,,,2x,,[]
lotto-america-2023-03-22,,,,2x,,[]
lotto-america-2023-03-25,,,,3x,,[]
lotto-america-2023-03-27,,,,3x,,[]
lotto-america-2023-03-29,,,,2x,,[]
lotto-america-2023-04-01,,,,2x,,[]
lotto-america-2023-04-03,,,,5x,,[]
lotto-america-2023-04-05,,,,4x,,[]
lotto-america-2023-04-08,,,,2x,,[]
lotto-america-2023-04-10,,,,2x,,[]
lotto-america-2023-04-12,,,,2x,,[]
lotto-america-2023-04-15,,,,3x,,[]
lotto-america-2023-04-17,,,,2x,,[]
lotto-america-2023-04-19,,,,2x,,[]
lotto-america-2023-04-22,,,,3x,,[]
lotto-america-2023-04-24,,,,2x,,[]
lotto-america-2023-04-26,,,,2x,,[]
lotto-america-2023-04-29,,,,3x,,[]
lotto-america-2023-05-01,,,,4x,,[]
lotto-america-2023-05-03,,,,2x,,[]
lotto-america-2023-05-06,,,,3x,,[]
lotto-america-2023-05-08,,,,4x,,[]
lotto-america-2023-05-10,,,,2x,,[]
lotto-america-2023-05-13,,,,2x,,[]
lotto-america-2023-05-15,,,,3x,,[]
lotto-america-2023-05-17,,,,2x,,[]
lotto-america-2023-05-20,,,,3x,,[]
lotto-america-2023-05-22,,,,2x,,[]
lotto-america-2023-05-24,,,,2x,,[]
lotto-america-2023-05-27,,,,4x,,[]
lotto-america-2023-05-29,,,,3x,,[]
lotto-america-2023-05-31,,,,3x,,[]
lotto-america-2023-06-03,,,,5x,,[]
lotto-america-2023-06-05,,,,3x,,[]
lotto-america-2023-06-07,,,,4x,,[]
lotto-america-2023-06-10,,,,2x,,[]
lotto-america-2023-06-12,,,,2x,,[]
lotto-america-2023-06-14,,,,2x,,[]
lotto-america-2023-06-17,,,,5x,,[]
lotto-america-2023-06-19,,,,2x,,[]
lotto-america-2023-06-21,,,,2x,,[]
lotto-america-2023-06-24,,,,4x,,[]
lotto-america-2023-06-26,,,,2x,,[]
lotto-america-2023-06-28,,,,2x,,[]
lotto-america-2023-07-01,,,,3x,,[]
lotto-america-2023-07-03,,,,2x,,[]
lotto-america-2023-07-05,,,,2x,,[]
lotto-america-2023-07-08,,,,5x,,[]
lotto-america-2023-07-10,,,,2x,,[]
lotto-america-2023-07-12,,,,2x,,[]
lotto-america-2023-07-15,,,,3x,,[]
lotto-america-2023-07-17,,,,4x,,[]
lotto-america-2023-07-19,,,,2x,,[]
lotto-america-2023-07-22,,,,2x,,[]
lotto-america-2023-07-24,,,,2x,,[]
lotto-america-2023-07-26,,,,3x,,[]
lotto-america-2023-07-29,,,,3x,,[]
lotto-america-2023-07-31,,,,4x,,[]
lotto-america-2023-08-02,,,,2x,,[]
lotto-america-2023-08-05,,,,2x,,[]
lotto-america-2023-08-07,,,,5x,,[]
lotto-america-2023-08-09,,,,4x,,[]
lotto-america-2023-08-12,,,,2x,,[]
lotto-america-2023-08-14,,,,5x,,[]
lotto-america-2023-08-16,,,,3x,,[]
lotto-america-2023-08-19,,,,2x,,[]
lotto-america-2023-08-21,,,,5x,,[]
lotto-america-2023-08-23,,,,2x,,[]
lotto-america-2023-08-26,,,,4x,,[]
lotto-america-2023-08-28,,,,2x,,[]
lotto-america-2023-08-30,,,,3x,,[]
lotto-america-2023-09-02,,,,4x,,[]
lotto-america-2023-09-04,,,,2x,,[]
lotto-america-2023-09-06,,,,3x,,[]
lotto-america-2023-09-09,,,,2x,,[]
lotto-america-2023-09-11,,,,4x,,[]
lotto-america-2023-09-13,,,,4x,,[]
lotto-america-2023-09-16,,,,4x,,[]
lotto-america-2023-09-18,,,,4x,,[]
lotto-america-2023-09-20,,,,3x,,[]
lotto-america-2023-09-23,,,,2x,,[]
lotto-america-2023-09-25,,,,2x,,[]
lotto-america-2023-09-27,,,,2x,,[]
lotto-america-2023-09-30,,,,3x,,[]
lotto-america-2023-10-02,,,,2x,,[]
lotto-america-2023-10-04,,,,3x,,[]
lotto-america-2023-10-07,,,,2x,,[]
lotto-america-2023-10-09,,,,2x,,[]
lotto-america-2023-10-11,,,,3x,,[]
lotto-america-2023-10-14,,,,4x,,[]
lotto-america-2023-10-16,,,,2x,,[]
lotto-america-2023-10-18,,,,3x,,[]
lotto-america-2023-10-21,,,,3x,,[]
lotto-america-2023-10-23,,,,2x,,[]
lotto-america-2023-10-25,,,,3x,,[]
lotto-america-2023-10-28,,,,2x,,[]
lotto-america-2023-10-30,,,,2x,,[]
lotto-america-2023-11-01,,,,2x,,[]
lotto-america-2023-11-04,,,,2x,,[]
lotto-america-2023-11-06,,,,5x,,[]
lotto-america-2023-11-08,,,,2x,,[]
lotto-america-2023-11-11,,,,4x,,[]
lotto-america-2023-11-13,,,,2x,,[]
lotto-america-2023-11-15,,,,2x,,[]
lotto-america-2023-11-18,,,,3x,,[]
lotto-america-2023-11-20,,,,2x,,[]
lotto-america-2023-11-22,,,,3x,,[]
lotto-america-2023-11-25,,,,2x,,[]
lotto-america-2023-11-27,,,,3x,,[]
lotto-america-2023-11-29,,,,4x,,[]
lotto-america-2023-12-02,,,,2x,,[]
lotto-america-2023-12-04,,,,3x,,[]
lotto-america-2023-12-06,,,,3x,,[]
lotto-america-2023-12-09,,,,2x,,[]
lotto-america-2023-12-11,,,,4x,,[]
lotto-america-2023-12-13,,,,2x,,[]
lotto-america-2023-12-16,,,,2x,,[]
lotto-america-2023-12-18,,,,4x,,[]
lotto-america-2023-12-20,,,,2x,,[]
lotto-america-2023-12-23,,,,3x,,[]
lotto-america-2023-12-25,,,,3x,,[]
lotto-america-2023-12-27,,,,2x,,[]
lotto-america-2023-12-30,,,,3x,,[]
lotto-america-2024-01-01,,,,4x,,[]
lotto-america-2024-01-03,,,,3x,,[]
lotto-america-2024-01-06,,,,2x,,[]
lotto-america-2024-01-08,,,,2x,,[]
lotto-america-2024-01-10,,,,2x,,[]
lotto-america-2024-01-13,,,,3x,,[]
lotto-america-2024-01-15,,,,2x,,[]
lotto-america-2024-01-17,,,,3x,,[]
lotto-america-2024-01-20,,,,2x,,[]
lotto-america-2024-01-22,,,,2x,,[]
lotto-america-2024-01-24,,,,3x,,[]
lotto-america-2024-01-27,,,,3x,,[]
lotto-america-2024-01-29,,,,2x,,[]
lotto-america-2024-01-31,,,,2x,,[]
lotto-america-2024-02-03,,,,3x,,[]
lotto-america-2024-02-05,,,,2x,,[]
lotto-america-2024-02-07,,,,5x,,[]
lotto-america-2024-02-10,,,,2x,,[]
lotto-america-2024-02-12,,,,5x,,[]
lotto-america-2024-02-14,,,,2x,,[]
lotto-america-2024-02-17,,,,3x,,[]
lotto-america-2024-02-19,,,,2x,,[]
lotto-america-2024-02-21,,,,4x,,[]
lotto-america-2024-02-24,,,,3x,,[]
lotto-america-2024-02-26,,,,2x,,[]
lotto-america-2024-02-28,,,,3x,,[]
lotto-america-2024-03-02,,,,2x,,[]
lotto-america-2024-03-04,,,,2x,,[]
lotto-america-2024-03-06,,,,2x,,[]
lotto-america-2024-03-09,,,,3x,,[]
lotto-america-2024-03-11,,,,2x,,[]
lotto-america-2024-03-13,,,,2x,,[]
lotto-america-2024-03-16,,,,5x,,[]
lotto-america-2024-03-18,,,,3x,,[]
lotto-america-2024-03-20,,,,3x,,[]
lotto-america-2024-03-23,,,,2x,,[]
lotto-america-2024-03-25,,,,2x,,[]
lotto-america-2024-03-27,,,,2x,,[]
lotto-america-2024-03-30,,,,4x,,[]
lotto-america-2024-04-01,,,,2x,,[]
lotto-america-2024-04-03,,,,2x,,[]
lotto-america-2024-04-06,,,,2x,,[]
lotto-america-2024-04-08,,,,3x,,[]
lotto-america-2024-04-10,,,,3x,,[]
lotto-america-2024-04-13,,,,2x,,[]
lotto-america-2024-04-15,,,,2x,,[]
lotto-america-2024-04-17,,,,2x,,[]
lotto-america-2024-04-20,,,,5x,,[]
lotto-america-2024-04-22,,,,2x,,[]
lotto-america-2024-04-24,,,,2x,,[]
lotto-america-2024-04-27,,,,2x,,[]
lotto-america-2024-04-29,,,,2x,,[]
lotto-america-2024-05-01,,,,5x,,[]
lotto-america-2024-05-04,,,,2x,,[]
lotto-america-2024-05-06,,,,2x,,[]
lotto-america-2024-05-08,,,,2x,,[]
lotto-america-2024-05-11,,,,3x,,[]
lotto-america-2024-05-13,,,,3x,,[]
lotto-america-2024-05-15,,,,3x,,[]
lotto-america-2024-05-18,,,,3x,,[]
lotto-america-2024-05-20,,,,5x,,[]
lotto-america-2024-05-22,,,,2x,,[]
lotto-america-2024-05-25,,,,2x,,[]
lotto-america-2024-05-27,,,,3x,,[]
lotto-america-2024-05-29,,,,5x,,[]
lotto-america-2024-06-01,,,,2x,,[]
lotto-america-2024-06-03,,,,2x,,[]
lotto-america-2024-06-05,,,,3x,,[]
lotto-america-2024-06-08,,,,2x,,[]
lotto-america-2024-06-10,,,,2x,,[]
lotto-america-2024-06-12,,,,3x,,[]
lotto-america-2024-06-15,,,,2x,,[]
lotto-america-2024-06-17,,,,3x,,[]
lotto-america-2024-06-19,,,,2x,,[]
lotto-america-2024-06-22,,,,3x,,[]
lotto-america-2024-06-24,,,,5x,,[]
lotto-america-2024-06-26,,,,2x,,[]
lotto-america-2024-06-29,,,,2x,,[]
lotto-america-2024-07-01,,,,3x,,[]
lotto-america-2024-07-03,,,,5x,,[]
lotto-america-2024-07-06,,,,3x,,[]
lotto-america-2024-07-08,,,,2x,,[]
lotto-america-2024-07-10,,,,3x,,[]
lotto-america-2024-07-13,,,,2x,,[]
lotto-america-2024-07-15,,,,2x,,[]
lotto-america-2024-07-17,,,,2x,,[]
lotto-america-2024-07-20,,,,4x,,[]
lotto-america-2024-07-22,,,,2x,,[]
lotto-america-2024-07-24,,,,5x,,[]
lotto-america-2024-07-27,,,,2x,,[]
lotto-america-2024-07-29,,,,2x,,[]
lotto-america-2024-07-31,,,,3x,,[]
lotto-america-2024-08-03,,,,5x,,[]
lotto-america-2024-08-05,,,,2x,,[]
lotto-america-2024-08-07,,,,4x,,[]
lotto-america-2024-08-10,,,,3x,,[]
lotto-america-2024-08-12,,,,4x,,[]
lotto-america-2024-08-14,,,,2x,,[]
lotto-america-2024-08-17,,,,3x,,[]
lotto-america-2024-08-19,,,,3x,,[]
lotto-america-2024-08-21,,,,3x,,[]
lotto-america-2024-08-24,,,,2x,,[]
lotto-america-2024-08-26,,,,2x,,[]
lotto-america-2024-08-28,,,,3x,,[]
lotto-america-2024-08-31,,,,3x,,[]
lotto-america-2024-09-02,,,,2x,,[]
lotto-america-2024-09-04,,,,4x,,[]
lotto-america-2024-09-07,,,,2x,,[]
lotto-america-2024-09-09,,,,2x,,[]
lotto-america-2024-09-11,,,,4x,,[]
lotto-america-2024-09-14,,,,4x,,[]
lotto-america-2024-09-16,,,,2x,,[]
lotto-america-2024-09-18,,,,4x,,[]
lotto-america-2024-09-21,,,,4x,,[]
lotto-america-2024-09-23,,,,4x,,[]
lotto-america-2024-09-25,,,,2x,,[]
lotto-america-2024-09-28,,,,2x,,[]
lotto-america-2024-09-30,,,,4x,,[]
lotto-america-2024-10-02,,,,3x,,[]
lotto-america-2024-10-05,,,,3x,,[]
lotto-america-2024-10-07,,,,5x,,[]
lotto-america-2024-10-09,,,,3x,,[]
lotto-america-2024-10-12,,,,3x,,[]
lotto-america-2024-10-14,,,,2x,,[]
lotto-america-2024-10-16,,,,2x,,[]
lotto-america-2024-10-19,,,,2x,,[]
lotto-america-2024-10-21,,,,3x,,[]
lotto-america-2024-10-23,,,,3x,,[]
lotto-america-2024-10-26,,,,2x,,[]
lotto-america-2024-10-28,,,,2x,,[]
lotto-america-2024-10-30,,,,2x,,[]
lotto-america-2024-11-02,,,,3x,,[]
lotto-america-2024-11-04,,,,3x,,[]
lotto-america-2024-11-06,,,,2x,,[]
lotto-america-2024-11-09,,,,3x,,[]
lotto-america-2024-11-11,,,,2x,,[]
lotto-america-2024-11-13,,,,2x,,[]
lotto-america-2024-11-16,,,,2x,,[]
lotto-america-2024-11-18,,,,2x,,[]
lotto-america-2024-11-20,,,,2x,,[]
lotto-america-2024-11-23,,,,2x,,[]
lotto-america-2024-11-25,,,,2x,,[]
lotto-america-2024-11-27,,,,3x,,[]
lotto-america-2024-11-30,,,,4x,,[]
lotto-america-2024-12-02,,,,2x,,[]
lotto-america-2024-12-04,,,,4x,,[]
lotto-america-2024-12-07,,,,5x,,[]
lotto-america-2024-12-09,,,,3x,,[]
lotto-america-2024-12-11,,,,2x,,[]
lotto-america-2024-12-14,,,,3x,,[]
lotto-america-2024-12-16,,,,5x,,[]
lotto-america-2024-12-18,,,,3x,,[]
lotto-america-2024-12-21,,,,5x,,[]
lotto-america-2024-12-23,,,,4x,,[]
lotto-america-2024-12-25,,,,3x,,[]
lotto-america-2024-12-28,,,,3x,,[]
lotto-america-2024-12-30,,,,2x,,[]
lotto-america-2025-01-01,,,,3x,,[]
lotto-america-2025-01-04,,,,3x,,[]
lotto-america-2025-01-06,,,,5x,,[]
lotto-america-2025-01-08,,,,2x,,[]
lotto-america-2025-01-11,,,,5x,,[]
lotto-america-2025-01-13,,,,3x,,[]
lotto-america-2025-01-15,,,,2x,,[]
lotto-america-2025-01-18,,,,4x,,[]
lotto-america-2025-01-20,,,,3x,,[]
lotto-america-2025-01-22,,,,3x,,[]
lotto-america-2025-01-25,,,,2x,,[]
lotto-america-2025-01-27,,,,4x,,[]
lotto-america-2025-01-29,,,,2x,,[]
lotto-america-2025-02-01,,,,3x,,[]
lotto-america-2025-02-03,,,,2x,,[]
lotto-america-2025-02-05,,,,2x,,[]
lotto-america-2025-02-08,,,,3x,,[]
lotto-america-2025-02-10,,,,3x,,[]
lotto-america-2025-02-12,,,,2x,,[]
lotto-america-2025-02-15,,,,3x,,[]
lotto-america-2025-02-17,,,,4x,,[]
lotto-america-2025-02-19,,,,3x,,[]
lotto-america-2025-02-22,,,,2x,,[]
lotto-america-2025-02-24,,,,3x,,[]
lotto-america-2025-02-26,,,,3x,,[]
lotto-america-2025-03-01,,,,3x,,[]
lotto-america-2025-03-03,,,,2x,,[]
lotto-america-2025-03-05,,,,2x,,[]
lotto-america-2025-03-08,,,,2x,,[]
lotto-america-2025-03-10,,,,2x,,[]
lotto-america-2025-03-12,,,,3x,,[]
lotto-america-2025-03-15,,,,3x,,[]
lotto-america-2025-03-17,,,,5x,,[]
lotto-america-2025-03-19,,,,2x,,[]
lotto-america-2025-03-22,,,,2x,,[]
lotto-america-2025-03-24,,,,3x,,[]
lotto-america-2025-03-26,,,,2x,,[]
lotto-america-2025-03-29,,,,3x,,[]
lotto-america-2025-03-31,,,,2x,,[]
lotto-america-2025-04-02,,,,3x,,[]
lotto-america-2025-04-05,,,,4x,,[]
lotto-america-2025-04-07,,,,4x,,[]
lotto-america-2025-04-09,,,,2x,,[]
lotto-america-2025-04-12,,,,2x,,[]
lotto-america-2025-04-14,,,,2x,,[]
lotto-america-2025-04-16,,,,2x,,[]
lotto-america-2025-04-19,,,,3x,,[]
lotto-america-2025-04-21,,,,3x,,[]
lotto-america-2025-04-23,,,,3x,,[]
lotto-america-2025-04-26,,,,4x,,[]
lotto-america-2025-04-28,,,,5x,,[]
lotto-america-2025-04-30,,,,4x,,[]
lotto-america-2025-05-03,,,,3x,,[]
lotto-america-2025-05-05,,,,2x,,[]
lotto-america-2025-05-07,,,,2x,,[]
lotto-america-2025-05-10,,,,3x,,[]
lotto-america-2025-05-12,,,,2x,,[]
lotto-america-2025-05-14,,,,2x,,[]
lotto-america-2025-05-17,,,,4x,,[]
lotto-america-2025-05-19,,,,2x,,[]
lotto-america-2025-05-21,,,,3x,,[]
lotto-america-2025-05-24,,,,2x,,[]
lotto-america-2025-05-26,,,,2x,,[]
lotto-america-2025-05-28,,,,2x,,[]
lotto-america-2025-05-31,,,,2x,,[]
lotto-america-2025-06-02,,,,3x,,[]
lotto-america-2025-06-04,,,,2x,,[]
lotto-america-2025-06-07,,,,2x,,[]
lotto-america-2025-06-09,,,,2x,,[]
lotto-america-2025-06-11,,,,2x,,[]
lotto-america-2025-06-14,,,,2x,,[]
lotto-america-2025-06-16,,,,3x,,[]
lotto-america-2025-06-18,,,,3x,,[]
lotto-america-2025-06-21,,,,2x,,[]
lotto-america-2025-06-23,,,,2x,,[]
lotto-america-2025-06-25,,,,2x,,[]
lotto-america-2025-06-28,,,,3x,,[]
lotto-america-2025-06-30,,,,3x,,[]
lotto-america-2025-07-02,,,,4x,,[]
lotto-america-2025-07-05,,,,2x,,[]
lotto-america-2025-07-07,,,,3x,,[]
lotto-america-2025-07-09,,,,2x,,[]
lotto-america-2025-07-12,,,,5x,,[]
lotto-america-2025-07-14,,,,2x,,[]
lotto-america-2025-07-16,,,,2x,,[]
lotto-america-2025-07-19,,,,2x,,[]
lotto-america-2025-07-21,,,,2x,,[]
lotto-america-2025-07-23,,,,2x,,[]
lotto-america-2025-07-26,,,,4x,,[]
lotto-america-2025-07-28,,,,2x,,[]
lotto-america-2025-07-30,,,,3x,,[]
lotto-america-2025-08-02,,,,2x,,[]
lotto-america-2025-08-04,,,,2x,,[]
lotto-america-2025-08-06,,,,2x,,[]
lotto-america-2025-08-09,,,,3x,,[]
lotto-america-2025-08-11,,,,4x,,[]
lotto-america-2025-08-13,,,,3x,,[]
lotto-america-2025-08-16,,,,2x,,[]
lotto-america-2025-08-18,,,,3x,,[]
lotto-america-2025-08-20,,,,3x,,[]
lotto-america-2025-08-23,,,,3x,,[]
lotto-america-2025-08-25,,,,2x,,[]
lotto-america-2025-08-27,,,,5x,,[]
lotto-america-2025-08-30,,,,5x,,[]
lotto-america-2025-09-01,,,,2x,,[]
lotto-america-2025-09-03,,,,3x,,[]
lotto-america-2025-09-06,,,,2x,,[]
lotto-america-2025-09-08,,,,4x,,[]
lotto-america-2025-09-10,,,,3x,,[]
lotto-america-2025-09-13,,,,3x,,[]
lotto-america-2025-09-15,,,,2x,,[]
lotto-america-2025-09-17,,,,3x,,[]
lotto-america-2025-09-20,,,,3x,,[]
lotto-america-2025-09-22,,,,4x,,[]
lotto-america-2025-09-24,,,,5x,,[]
lotto-america-2025-09-27,,,,2x,,[]
lotto-america-2025-09-29,,,,2x,,[]
lotto-america-2025-10-01,,,,2x,,[]
lotto-america-2025-10-04,,,,2x,,[]
lotto-america-2025-10-06,,,,3x,,[]
lotto-america-2025-10-08,,,,3x,,[]
lotto-america-2025-10-11,,,,2x,,[]
lotto-america-2025-10-13,,,,3x,,[]
lotto-america-2025-10-15,,,,4x,,[]
lotto-america-2025-10-18,,,,2x,,[]
lotto-america-2025-10-20,,,,2x,,[]
lotto-america-2025-10-22,,,,2x,,[]
lotto-america-2025-10-25,,,,2x,,[]
lotto-america-2025-10-27,,,,4x,,[]
lotto-america-2025-10-29,,,,2x,,[]
lotto-america-2025-11-01,,,,2x,,[]
lotto-america-2025-11-03,,,,3x,,[]
lotto-america-2025-11-05,,,,3x,,[]
lotto-america-2025-11-08,,,,2x,,[]
lotto-america-2025-11-10,,,,2x,,[]
lotto-america-2025-11-12,,,,3x,,[]
lotto-america-2025-11-15,,,,3x,,[]
lotto-america-2025-11-17,,,,2x,,[]
lotto-america-2025-11-19,,,,2x,,[]
lotto-america-2025-11-22,,,,3x,,[]
lotto-america-2025-11-24,,,,4x,,[]
lotto-america-2025-11-26,,,,2x,,[]
lotto-america-2025-11-29,,,,2x,,[]
lotto-america-2025-12-01,,,,2x,,[]
lotto-america-2025-12-03,,,,3x,,[]
lotto-america-2025-12-06,,,,2x,,[]
lotto-america-2025-12-08,,,,2x,,[]
lotto-america-2025-12-10,,,,3x,,[]
lotto-america-2025-12-13,,,,2x,,[]
lotto-america-2025-12-15,,,,2x,,[]
lotto-america-2025-12-17,,,,2x,,[]
lotto-america-2025-12-20,,,,2x,,[]
lotto-america-2025-12-22,,,,5x,,[]
lotto-america-2025-12-24,,,,2x,,[]
lotto-america-2025-12-27,,,,5x,,[]
lotto-america-2025-12-29,,,,2x,,[]
lotto-america-2025-12-31,,,,3x,,[]
lotto-america-2026-01-03,,,,2x,,[]
lotto-america-2026-01-05,,,,3x,,[]
lotto-america-2026-01-07,,,,2x,,[]
lotto-america-2026-01-10,,,,2x,,[]
lotto-america-2026-01-12,,,,2x,,[]
lotto-america-2026-01-14,,,,3x,,[]
lotto-america-2026-01-17,,,,2x,,[]
lotto-america-2026-01-19,,,,2x,,[]
lotto-america-2026-01-21,,,,2x,,[]
lotto-america-2026-01-24,,,,4x,,[]
lotto-america-2026-01-26,,,,3x,,[]
lotto-america-2026-01-28,,,,2x,,[]
lotto-america-2026-01-31,,,,3x,,[]
lotto-america-2026-02-02,,,,5x,,[]
lotto-america-2026-02-04,,,,5x,,[]
lotto-america-2026-02-07,,,,2x,,[]
lotto-america-2026-02-09,,,,3x,,[]
lotto-america-2026-02-11,,,,2x,,[]
lotto-america-2026-02-14,,,,2x,,[]
lotto-america-2026-02-16,,,,2x,,[]
lotto-america-2026-02-18,,,,2x,,[]
lotto-america-2026-02-21,,,,2x,,[]
lotto-america-2026-02-23,,,,2x,,[]
lotto-america-2026-02-25,,,,4x,,[]
lotto-america-2026-02-28,,,,3x,,[]
lotto-america-2026-03-02,,,,2x,,[]
lotto-america-2026-03-04,,,,2x,,[]
lotto-america-2026-03-07,,,,5x,,[]
lotto-america-2026-03-09,,,,2x,,[]
lotto-america-2026-03-11,,,,3x,,[]
lotto-america-2026-03-14,,,,3x,,[]
lotto-america-2026-03-16,,,,4x,,[]
lotto-america-2026-03-18,,,,3x,,[]
lotto-america-2026-03-21,,,,4x,,[]
lotto-america-2026-03-23,,,,3x,,[]
lotto-america-2026-03-25,,,,3x,,[]
lotto-america-2026-03-28,,,,5x,,[]
lotto-america-2026-03-30,,,,2x,,[]
lotto-america-2026-04-01,,,,4x,,[]
lotto-america-2026-04-04,,,,3x,,[]
lotto-america-2026-04-06,,,,2x,,[]
lotto-america-2026-04-08,,,,2x,,[]
lotto-america-2026-04-11,,,,3x,,[]
lotto-america-2026-04-13,,,,3x,,[]
lotto-america-2026-04-15,,,,2x,,[]
lotto-america-2026-04-18,,,,3x,,[]
lotto-america-2026-04-20,,,,2x,,[]
lotto-america-2026-04-22,,,,3x,,[]
lotto-america-2026-04-25,,,,3x,,[]
lotto-america-2026-04-27,,,,3x,,[]
lotto-america-2026-04-29,,,,5x,,[]
lotto-america-2026-05-02,,,,2x,,[]
lotto-america-2026-05-04,,,,3x,,[]
lotto-america-2026-05-06,,,,5x,,[]
lotto-america-2026-05-09,,,,4x,,[]
lotto-america-2026-05-11,,,,2x,,[]
lotto-america-2026-05-13,,,,2x,,[]
lotto-america-2026-05-16,,,,3x,,[]
lotto-america-2026-05-18,,,,3x,,[]
lotto-america-2026-05-20,,,,2x,,[]
lotto-america-2026-05-23,,,,3x,,[]
lotto-america-2026-05-25,,,,2x,,[]
lotto-america-2026-05-27,,,,2x,,[]
lotto-america-2026-05-30,,,,5x,,[]
lotto-america-2026-06-01,,,,3x,,[]
lotto-america-2026-06-03,,,,4x,,[]
lotto-america-2026-06-06,,,,2x,,[]
lotto-america-2026-06-08,,,,5x,,[]
lotto-america-2026-06-10,,,,4x,,[]
lotto-america-2026-06-13,,,,5x,,[]
lotto-america-2026-06-15,,,,3x,,[]
lotto-america-2026-06-17,,,,5x,,[]
lotto-america-2026-06-20,,,,3x,,[]
lotto-america-2026-06-22,,,,2x,,[]
lotto-america-2026-06-24,,,,2x,,[]
lotto-america-2026-06-27,,,,2x,,[]
lotto-america-2026-06-29,,,,3x,,[]
lotto-america-2026-07-01,,,,2x,,[]
lotto-america-2026-07-04,,,,2x,,[]
lotto-america-2026-07-06,,,,3x,,[]
lotto-america-2026-07-08,,,,2x,,[]
lotto-america-2026-07-11,,,,2x,,[]
lotto-america-2026-07-13,,,,2x,,[]
lotto-america-2026-07-15,,,,2x,,[]
lotto-america-2026-07-18,,,,2x,,[]
lotto-america-2026-07-20,,,,2x,,[]
lotto-america-2026-07-22,,,,2x,,[]
lotto-america-2026-07-25,,,,4x,,[]
lotto-america-2026-07-27,,,,2x,,[]
lotto-america-2026-07-29,,,,4x,,[]
lotto-america-2026-08-01,,,,5x,,[]
lotto-america-2026-08-03,,,,5x,,[]
lotto-america-2026-08-05,,,,2x,,[]
lotto-america-2026-08-08,,,,4x,,[]
lotto-america-2026-08-10,,,,2x,,[]
lotto-america-2026-08-12,,,,2x,,[]
lotto-america-2026-08-15,,,,4x,,[]
lotto-america-2026-08-17,,,,2x,,[]
lotto-america-2026-08-19,,,,5x,,[]
lotto-america-2026-08-22,,,,2x,,[]
lotto-america-2026-08-24,,,,2x,,[]
lotto-america-2026-08-26,,,,2x,,[]
